<?xml version="1.0" encoding="UTF-8"?>
<beans xmlns="http://www.springframework.org/schema/beans"
	xmlns:xsi="http://www.w3.org/2001/XMLSchema-instance"
	xmlns:context="http://www.springframework.org/schema/context"
	xsi:schemaLocation="http://www.springframework.org/schema/beans https://www.springframework.org/schema/beans/spring-beans.xsd
		http://www.springframework.org/schema/context http://www.springframework.org/schema/context/spring-context-3.1.xsd">
	
	<!-- Root Context: defines shared resources visible to all other web components -->
	
	<!-- 스프링에서 사용할 모든 자원을 설정하는 파일. ==> 대부분은 DB 연결 설정 공간. -->
	
	<!-- 외부 properties 파일을 읽어들일 수 있게 설정.
	          외부 프로퍼티 파일에 저장된 정보를 스프링 설정 파일에서
	          사용할 수 있게 만드는 태그 -->
	<context:property-placeholder
		 location="classpath:/config/*.properties" />
	
	<!-- 1. DataSource 객체 정보 설정. -->
	<bean id="dataSource" class="org.apache.commons.dbcp2.BasicDataSource">
		<property name="driverClassName" value="${jdbc.driver}" />
		<property name="url" value="${jdbc.url}" />
		<property name="username" value="${jdbc.username}" />
		<property name="password" value="${jdbc.password}" />
		<property name="initialSize" value="20" />
		<property name="maxTotal" value="20" />
	</bean>
	
	<!-- 2. SqlSessionFactoryBean 클래스 설정 -->
	<bean name="sqlSessionFactory"
						class="org.mybatis.spring.SqlSessionFactoryBean">
		<property name="dataSource" ref="dataSource" />
		<property name="mapperLocations" value="classpath:/mapper/*.xml" />
		<property name="configLocation" value="classpath:/config/mybatis-config.xml" />
	</bean>
	
	<!-- 3. sqlSessionTemplate 클래스 설정 -->
	<bean name="sqlSession" class="org.mybatis.spring.SqlSessionTemplate">
		<constructor-arg ref="sqlSessionFactory" />
	</bean>
	
</beans>
