<?xml version="1.0" encoding="UTF-8"?>
<beans xmlns="http://www.springframework.org/schema/beans"
	xmlns:xsi="http://www.w3.org/2001/XMLSchema-instance"
	xmlns:p="http://www.springframework.org/schema/p"
	xmlns:context="http://www.springframework.org/schema/context"
	xsi:schemaLocation="http://www.springframework.org/schema/beans http://www.springframework.org/schema/beans/spring-beans.xsd
		http://www.springframework.org/schema/context http://www.springframework.org/schema/context/spring-context-3.1.xsd">

	<!-- Annotaion 기반의 IoC 설정 -->
	<!-- 스프링 컨테이너에게 지시하는 의미 base-package의 의미는  
	     com.spring.di 패키지로 시작하는 모든 클래스를 대상으로
	     component 애노테이션이 붙은 클래스들을 찾아라
	         그래서 그 클래스의 객체를 메모리에 띄워라라는 의미 -->
	
	<context:component-scan base-package="com.spring.di" />
	
	<!-- Annotaion 기반 설정 시에는 아래 내용을 주석 처리해야 함. -->
	<!-- 스프링 컨테이너가 생성할 객체를 bean 등록을 한다. -->
	<!-- <bean id="speaker" class="com.spring.di.AppleSpeaker" />
	
	<bean id="tv" class="com.spring.di.SamsungTV"
		p:speaker-ref="speaker" p:price="1500000" />
		
	<bean id="collection" class="com.spring.collection.CollectionBean">
		<property name="addressList">
			<props>
				<prop key="둘리">공덕동</prop>
				<prop key="도우너">대흥동</prop>
				<prop key="또치">합정동</prop>
			</props>
		</property>
	</bean> -->
	
</beans>

