<?xml version="1.0" encoding="UTF-8"?>
<beans xmlns="http://www.springframework.org/schema/beans"
	xmlns:xsi="http://www.w3.org/2001/XMLSchema-instance"
	xmlns:p="http://www.springframework.org/schema/p"
	xsi:schemaLocation="http://www.springframework.org/schema/beans http://www.springframework.org/schema/beans/spring-beans.xsd">

	<!-- 스프링 컨테이너가 생성할 객체를 bean 등록을 한다. -->
	<bean id="speaker" class="com.spring.di.AppleSpeaker" />
	
	<bean id="tv" class="com.spring.di.SamsungTV"
		p:speaker-ref="speaker" p:price="1500000" />
		
	<bean id="collection" class="com.spring.collection.CollectionBean">
		<property name="addressList">
			<list>
				<value>공덕동</value>
				<value>대흥동</value>
				<value>합정동</value>
			</list>
		</property>
	</bean>
	
</beans>

