<?xml version="1.0" encoding="UTF-8"?>

<!DOCTYPE mapper
  PUBLIC "-//mybatis.org//DTD Mapper 3.0//EN"
  "https://mybatis.org/dtd/mybatis-3-mapper.dtd">
  
<mapper namespace="dao">

	<select id="list" resultType="product">
		select * from products order by pnum desc
	</select>
	
	<insert id="add" parameterType="product">
		insert into products values(
			(select max(pnum) from products)  + 1,
			#{category_fk}, #{products_name}, #{ep_code_fk}, 
			#{input_price}, #{output_price}, 
			#{trans_cost}, #{mileage}, #{company})
	</insert>
	
	<select id="cont" resultType="product">
		select * from products where pnum = #{pnum}
	</select>
	
	<update id="edit" parameterType="product">
		update products set input_price = #{input_price},
			output_price = #{output_price}, 
			trans_cost = #{trans_cost},
			mileage = #{mileage} where pnum = #{pnum}
	</update>
	
	<delete id="del" parameterType="int">
		delete from products where pnum = #{pnum}
	</delete>
	
	<!-- 
		<![CDATA[쿼리문]]>
		- 쿼리문은 작성할 때 조건식 기호(<, >, &)를 사용해야 하는데
		  XML 에서는 이러한 기호들을 쿼리문의 조건식 기호로 인식하는 것이
		  아니라 단순한 태그로 인식하는 경우가 발생함.
		  이런 경우에는 에러가 발생함. 따라서 조건식 기호들을 단순한
		  문자열로 인식을 시켜주어야 할 때 사용하는 문장.
	 -->
	 
	<update id="seq" parameterType="int">
		<![CDATA[
			update products set pnum = pnum - 1 where pnum > #{num}
		]]>
	</update>
	
	<select id="cart" resultType="category">
		select * from category order by cnum desc
	</select>

</mapper>