<?xml version="1.0" encoding="UTF-8"?>

<!-- 
	DTD(Document Type Definition)
    - 작성한 문서가 어떤 문서인지에 대해서 정의해 놓은 파일.
    - 하나의 시스템 내에서 사용할 XML 데이터의 구조를 정의하여
            유효성을 점검 시 사용하는 태그.
 -->

<!DOCTYPE mapper
  PUBLIC "-//mybatis.org//DTD Mapper 3.0//EN"
  "https://mybatis.org/dtd/mybatis-3-mapper.dtd">

<!-- 
	- namespace 명은 패키지명을 포함해서 DAO 인터페이스 이름을
	   사용하는 것이 관례임.
	- namespace 명은 mapper들을 구분하는데 식별자로 사용이 됨.  
 -->
<mapper namespace="com.mybatis.model.MemberDAO">

	<!-- resultType : - 한 행(row)의 해당하는 객체 타입을 의미함.
	                  - 각 행(row)를 어떤 객체로 매핑할지 지정하는 것을 말함.
	                  - 실제 반환타입은 *Impl 클래스의 반환타입에 따라 결정됨. -->
	<select id="all" resultType="com.mybatis.model.Member">
		select * from member order by memno desc
	</select>
	
	
	<insert id="add" parameterType="com.mybatis.model.Member">
		insert into member values(
			(select max(memno) from member) + 1,
			#{memid}, #{memname}, #{mempwd}, #{age},
			#{mileage}, #{job}, #{addr}, sysdate)
	</insert>
	
	
	<select id="cont" parameterType="int" 
							resultType="com.mybatis.model.Member">
		select * from member where memno = #{memno}
	</select>
	
	<update id="modify" parameterType="com.mybatis.model.Member">
		update member set age = #{age},
				mileage = #{mileage}, job = #{job},
				addr = #{addr} where memno = #{memno}
	</update>
	
	
	<delete id="del" parameterType="int">
		delete from member where memno = #{memno}
	</delete>
	
	<update id="seq" parameterType="int">
		<![CDATA[
			update member set memno = memno - 1 where memno > #{memno}
		]]>
	</update>
	
	<!-- 
		<![CDATA[쿼리문]]>
	    - 쿼리문을 작성할 때 조건식 기호(<, > , &)를 사용해야 하는데
	      XML에서는 이러한 기호들을 쿼리문의 조건식 기호로 인식하는 것이 아니라
	            단순한 태그로 인식하는 경우가 발생함.
	            이러한 경우에는 쿼리문이 실행이 안 되고 에러가 발생함.
	            따라서 이러한 조건식 기호들을 단순한 문자열로 인식을 시켜주어야 할 때
	            사용하는 문장.
	 -->
	
	
	
	
	

</mapper>