<?xml version="1.0" encoding="UTF-8"?>
<beans xmlns="http://www.springframework.org/schema/beans"
	xmlns:xsi="http://www.w3.org/2001/XMLSchema-instance"
	xmlns:context="http://www.springframework.org/schema/context"
	xmlns:aop="http://www.springframework.org/schema/aop"
	xsi:schemaLocation="http://www.springframework.org/schema/beans http://www.springframework.org/schema/beans/spring-beans.xsd
		http://www.springframework.org/schema/context http://www.springframework.org/schema/context/spring-context-3.1.xsd
		http://www.springframework.org/schema/aop http://www.springframework.org/schema/aop/spring-aop-3.1.xsd">

	<context:component-scan base-package="com.spring" />
	
	<aop:aspectj-autoproxy />
	
	<!-- 횡단 관심 사항에 해당하는 Advice 클래스를 Bean으로 등록을 한다. -->
	<!-- <bean id="log" class="com.spring.model.LogAdvice" />
	<bean id="afterReturning" class="com.spring.model.AfterReturningAdvice" />
	<bean id="afterThrowing" class="com.spring.model.AfterThrowingAdvice" />
	<bean id="around" class="com.spring.model.AroundAdvice" /> -->
	
	<!-- AOP 설정 -->
	<!-- 
	    - Before : 비지니스 메서드 실행 전 동작.
	    - After Returning : 비지니스 메서드의 리턴 데이터를 받아서 사후 처리.
	    - After Throwing : 비지니스 메서드에서 발생된 예외 객체를 받아서 사후 처리.
	    - After : 아무런 객체도 받지 않는 단순한 사후 처리.
	    - Around : 비지니스 메서드 실행 전,후에 사전/사후 처리. 
	 -->
	
	<!-- <aop:config> 여기서부터 AOP를 설정하겠다는 코드
		<aop:pointcut id="allPointcut" expression="execution(* com.spring.model..*Impl.*(..))" />
	
		<aop:pointcut id="getPointcut" expression="execution(* com.spring.model..*Impl.get*(..))" />
		
		<aop:aspect ref="log">
			<aop:before method="printLog" pointcut-ref="allPointcut" />
		</aop:aspect>
		
		<aop:aspect ref="afterReturning">
			<aop:after-returning method="afterLog" pointcut-ref="getPointcut" />
		</aop:aspect>
		
		<aop:aspect ref="afterThrowing">
			<aop:after-throwing method="exceptionLog" pointcut-ref="allPointcut" />
		</aop:aspect>
		
		<aop:aspect ref="around">
			<aop:around method="aroundLog" pointcut-ref="getPointcut" />
		</aop:aspect>
		
	</aop:config> 여기서부터 AOP를 종료하겠다는 코드 -->
	
</beans>
