<?xml version="1.0" encoding="UTF-8"?>

<!DOCTYPE mapper
  PUBLIC "-//mybatis.org//DTD Mapper 3.0//EN"
  "https://mybatis.org/dtd/mybatis-3-mapper.dtd">

<mapper namespace="com.json.board.model.BoardMapper">
	
	<select id="list" resultType="board">
		select * from board order by board_no desc
	</select>
	
	<insert id="add" parameterType="board">
		<selectKey resultType="int"
			keyProperty="board_no" order="BEFORE">
			select max(board_no) from board
		</selectKey>
		
		insert into board values(#{board_no} + 1,
			#{board_writer}, #{board_title},
			#{board_cont}, #{board_pwd}, default, sysdate, '')
	</insert>
	
	<select id="cont" parameterType="int" resultType="board">
		select * from board where board_no = #{no}
	</select>
	
	<update id="edit" parameterType="board">
		update board set board_title = #{board_title},
			board_cont = #{board_cont}, board_redate = sysdate
			where board_no = #{board_no}
	</update>
	
</mapper>
